{
    "vanilla": {
        "1.16.5": "https://launcher.mojang.com/download/Minecraft_Server.1.16.5.jar",
        "1.17.1": "https://launcher.mojang.com/download/Minecraft_Server.1.17.1.jar"
    },
    "forge": {
        "1.1": "https://maven.minecraftforge.net/net/minecraftforge/forge/1.1-1.3.4.29/forge-1.1-1.3.4.29-server.zip",
        "1.2.3": "https://maven.minecraftforge.net/net/minecraftforge/forge/1.2.4-2.0.0.68/forge-1.2.4-2.0.0.68-server.zip",
        "1.2.4": "https://maven.minecraftforge.net/net/minecraftforge/forge/1.2.4-2.0.0.68/forge-1.2.4-2.0.0.68-server.zip",
        "1.2.5": "https://maven.minecraftforge.net/net/minecraftforge/forge/1.2.5-3.4.9.171/forge-1.2.5-3.4.9.171-server.zip",
        "1.3.1": "https://maven.minecraftforge.net/net/minecraftforge/forge/1.3.2-4.3.5.318/forge-1.3.2-4.3.5.318-universal.zip",
        "1.4.7": "https://maven.minecraftforge.net/net/minecraftforge/forge/1.4.7-6.6.2.534/forge-1.4.7-6.6.2.534-universal.zip",
        "1.16.1": "https://maven.minecraftforge.net/net/minecraftforge/forge/1.16.1-32.0.108/forge-1.16.1-32.0.108-installer.jar",
        "1.16.2": "https://maven.minecraftforge.net/net/minecraftforge/forge/1.16.2-33.0.61/forge-1.16.2-33.0.61-installer.jar",
        "1.16.3": "https://maven.minecraftforge.net/net/minecraftforge/forge/1.16.3-34.1.0/forge-1.16.3-34.1.0-installer.jar",
        "1.16.4": "https://maven.minecraftforge.net/net/minecraftforge/forge/1.16.4-35.1.4/forge-1.16.4-35.1.4-installer.jar",
        "1.16.5": "https://maven.minecraftforge.net/net/minecraftforge/forge/1.16.5-36.2.34/forge-1.16.5-36.2.34-installer.jar",
        "1.17.1": "https://maven.minecraftforge.net/net/minecraftforge/forge/1.17.1-37.1.1/forge-1.17.1-37.1.1-installer.jar",
        "1.18": "https://maven.minecraftforge.net/net/minecraftforge/forge/1.18-38.0.17/forge-1.18-38.0.17-installer.jar",
        "1.18.1": "https://maven.minecraftforge.net/net/minecraftforge/forge/1.18.1-39.1.0/forge-1.18.1-39.1.0-installer.jar",
        "1.18.2": "https://maven.minecraftforge.net/net/minecraftforge/forge/1.18.2-40.2.0/forge-1.18.2-40.2.0-installer.jar",
        "1.19": "https://maven.minecraftforge.net/net/minecraftforge/forge/1.19-41.1.0/forge-1.19-41.1.0-installer.jar",
        "1.19.1": "https://maven.minecraftforge.net/net/minecraftforge/forge/1.19.1-42.0.9/forge-1.19.1-42.0.9-installer.jar",
        "1.19.2": "https://maven.minecraftforge.net/net/minecraftforge/forge/1.19.2-43.4.0/forge-1.19.2-43.4.0-installer.jar",
        "1.19.3": "https://maven.minecraftforge.net/net/minecraftforge/forge/1.19.3-44.1.0/forge-1.19.3-44.1.0-installer.jar",
        "1.19.4": "https://maven.minecraftforge.net/net/minecraftforge/forge/1.19.4-45.3.0/forge-1.19.4-45.3.0-installer.jar",
        "1.20": "https://maven.minecraftforge.net/net/minecraftforge/forge/1.20-46.0.14/forge-1.20-46.0.14-installer.jar",
        "1.20.1": "https://maven.minecraftforge.net/net/minecraftforge/forge/1.20.1-47.3.0/forge-1.20.1-47.3.0-installer.jar",
        "1.20.2": "https://maven.minecraftforge.net/net/minecraftforge/forge/1.20.2-48.1.0/forge-1.20.2-48.1.0-installer.jar",
        "1.20.3": "https://maven.minecraftforge.net/net/minecraftforge/forge/1.20.3-49.0.2/forge-1.20.3-49.0.2-installer.jar",
        "1.20.4": "https://maven.minecraftforge.net/net/minecraftforge/forge/1.20.4-49.1.0/forge-1.20.4-49.1.0-installer.jar",
        "1.20.6": "https://maven.minecraftforge.net/net/minecraftforge/forge/1.20.6-50.1.0/forge-1.20.6-50.1.0-installer.jar",
        "1.21": "https://maven.minecraftforge.net/net/minecraftforge/forge/1.21-51.0.33/forge-1.21-51.0.33-installer.jar",
        "1.21.1": "https://maven.minecraftforge.net/net/minecraftforge/forge/1.21.1-52.0.2/forge-1.21.1-52.0.2-installer.jar"
    },
    "fabric": {
        "1.16.5": "https://maven.fabricmc.net/net/fabricmc/fabric-installer/0.7.4/fabric-installer-0.7.4.jar",
        "1.17.1": "https://maven.fabricmc.net/net/fabricmc/fabric-installer/0.7.4/fabric-installer-0.7.4.jar"
    },
    "paper": {
        "1.16.5": "https://papermc.io/api/v2/projects/paper/versions/1.16.5/builds/597/downloads/paper-1.16.5-597.jar",
        "1.17.1": "https://papermc.io/api/v2/projects/paper/versions/1.17.1/builds/349/downloads/paper-1.17.1-349.jar"
    },
    "spigot": {
        "1.16.5": "https://cdn.getbukkit.org/spigot/spigot-1.16.5.jar",
        "1.17.1": "https://cdn.getbukkit.org/spigot/spigot-1.17.1.jar"
    }
}